serialNumber,packetType,deviceTime,time,xAxisAcc,yAxisAcc,zAxisAcc,xAxisAngVal,yAxisAngVal,zAxisAngVal,xAxisMagF,yAxisMagF,zAxisMagF,gpsTimeValidity,gpsAltitude,gpsLatitude,gpsLongitude,pressure,temperature
21845,1,2,196628,0.657045603,0.009806651,-9.738003731,0.263000011,-0.174999997,0.129999995,4.140999794,6.361999989,35.84400177,2435,7349,372463328,1266667520,102289,21.92243958
21845,1,13,196738,0.637432218,0.019613301,-9.836070061,-0.547999978,-0.085000001,-0.335999995,4.136000156,6.361999989,36.02299881,2436,7356,372463328,1266667520,102288.4063,21.90637207
21845,1,23,196838,0.71588546,0.039226603,-9.718390465,-0.025,-0.197999999,0.263000011,3.803999901,6.204999924,38.93000031,2436,7355,372463328,1266667520,102288.2813,21.91137695
21845,1,37,196978,0.657045603,0.009806651,-9.796843529,0.188999996,0.25999999,-0.170000002,3.803999901,6.203000069,38.93000031,2436,7351,372463328,1266667520,102288.9219,21.92858887
21845,1,48,197088,0.686465502,-0.019613301,-9.777230263,0.123999998,0.261999995,-0.157000005,2.647000074,5.887000084,37.18899918,2436,7335,372463360,1266667520,102289.4219,21.92138672
21845,1,58,197188,0.686465502,0.009806651,-9.738003731,0.540000021,0.261999995,-0.298999995,2.621000051,5.886000156,37.09899902,2436,7350,372463360,1266667520,102290.2813,21.91474915
21845,1,68,197288,0.657045603,-0.009806651,-9.816456795,-0.317000002,-0.270000011,0.180999994,4.638999939,6.204999924,37.84700012,2436,7336,372463360,1266667520,102289.5625,21.92637634
21845,1,79,197398,0.657045603,0.058839902,-9.796843529,0.086999997,-0.018999999,-0.477999985,4.163000107,6.840000153,36.20199966,2436,7339,372463360,1266667520,102288.7813,21.92590332
21845,1,89,197498,0.676658869,0.06864655,-9.757616997,0.116999999,0.108999997,0.294999987,4.157000065,6.837999821,36.09000015,2436,7354,372463360,1266667520,102289.9688,21.93984985
21845,1,99,197598,0.666852236,0.049033251,-9.787036896,0.138999999,-0.033,0.184,1.812000036,6.201000214,37.07699966,2436,7340,372463360,1266667520,102289.0938,21.92195129
21845,1,109,197698,0.706078768,0.009806651,-9.806650162,-0.358999997,0.07,-0.204999998,1.796000004,6.202000141,37.16600037,2437,7335,372463360,1266667520,102289.4844,21.92552185
21845,1,120,197808,0.676658869,0.049033251,-9.845876694,0.046999998,0.312999994,0.469000012,3.799000025,6.678999901,36.4109993,2437,7329,372463360,1266667520,102290.0625,21.92657471
21845,1,130,197908,0.666852236,0.058839902,-9.816456795,-0.115000002,0.137999997,-0.115000002,3.13499999,5.090000153,37.64500046,2437,7318,372463360,1266667520,102289.6563,21.92263794
21845,1,141,198018,0.745305359,0.019613301,-9.728197098,0.702000022,-0.538999975,0.451000005,4.157000065,5.250999928,38.01900101,2437,7301,372463360,1266667520,102288.2656,21.92407227
21845,1,150,198108,0.676658869,0,-9.796843529,-0.138999999,0.030999999,-0.145999998,2.309999943,5.883999825,38.18299866,2437,7289,372463360,1266667520,102288.4844,21.92782593
21845,1,161,198218,0.657045603,0.029419951,-9.787036896,0.033,0.344000012,0.158000007,2.802999973,6.045000076,37.61500168,2437,7277,372463360,1266667520,102289.5781,21.93070984
21845,1,171,198318,0.608012319,-0.039226603,-9.630130768,-0.103,-0.085000001,0.512000024,3.13499999,5.40899992,37.77899933,2437,7259,372463360,1266667520,102289.0313,21.93263245
21845,1,181,198418,0.686465502,0.039226603,-9.777230263,0.358999997,0.703000009,0.340000004,3.632999897,6.044000149,37.26399994,2437,7241,372463360,1266667520,102289.0938,21.9344635
21845,1,191,198518,0.686465502,-0.019613301,-9.777230263,-0.173999995,0.308999985,0.067000002,4.119999886,7.156000137,36.20199966,2437,7228,372463360,1266667520,102289.1563,21.93955994
21845,1,202,198628,0.696272194,0.009806651,-9.728197098,0.105999999,0.209000006,-0.111000001,1.292999983,5.250999928,36.95000076,2437,7210,372463360,1266667520,102289.8281,21.93937683
21845,1,212,198728,0.676658869,0,-9.806650162,0.270999998,-0.048,-0.386999995,2.278000116,4.618000031,36.29899979,2438,7197,372463360,1266667520,102289.0313,21.93099976
21845,1,222,198828,0.666852236,0,-9.796843529,-0.093999997,0.046,0.035999998,2.812999964,5.252999783,36.50899887,2438,7182,372463360,1266667520,102289.5156,21.94572449
21845,1,232,198928,0.657045603,0.039226603,-9.845876694,0.575999975,-0.013,0.419999987,3.155999899,5.093999863,36.67300034,2438,7163,372463360,1266667520,102289.7188,21.93417358
21845,1,243,199038,0.745305359,0.107873149,-9.826263428,0.039999999,0.418000013,0.011,2.647000074,6.681000233,36.62799835,2438,7143,372463360,1266667520,102288.4531,21.94004822
21845,1,253,199138,0.774725378,-0.06864655,-9.787036896,-0.197999999,0.344999999,-0.381999999,4.136000156,6.837999821,36.41899872,2438,7132,372463360,1266667520,102289.5,21.9256134
21845,1,263,199238,0.539365768,0.039226603,-9.708583832,-0.458000004,-0.167999998,0.486000001,2.753999949,4.774000168,36.11299896,2438,7122,372463360,1266667520,102289.4688,21.94206238
21845,1,273,199338,0.558979034,0.117679805,-9.983169556,0.163000003,0.085000001,-0.374000013,4.113999844,5.250999928,37.19599915,2438,7109,372463360,1266667520,102289.4844,21.93330383
21845,1,284,199448,0.402072668,-0.058839902,-9.76742363,-0.456,-0.635999978,-0.432999998,2.470999956,4.775000095,37.56999969,2438,7087,372463360,1266667520,102289.6094,21.94898987
21845,1,294,199548,0.95124507,-0.362846047,-9.590903282,-0.333999991,-0.499000013,2.183000088,4.140999794,4.772999763,36.41899872,2438,7070,372463360,1266667520,102289.1406,21.94197083
21845,1,304,199648,0.431492597,-0.215746298,-11.38552094,-0.462000012,-0.277999997,0.646000028,4.113999844,4.774000168,36.50899887,2438,7056,372463360,1266667520,102290.1875,21.94927979
21845,1,314,199748,1.382737756,0.519752443,-9.992977142,-0.098999999,-0.231999993,-2.938999891,4.28000021,6.203000069,37.12200165,2439,7043,372463360,1266667520,102289.4688,21.95245361
21845,1,325,199858,0.912018478,1.068924785,-7.69822073,1.213999987,0.735000014,0.964999974,4.30700016,6.203000069,37.12200165,2439,7036,372463360,1266667520,102289.625,21.95254517
21845,1,335,199958,1.470997572,-1.049311519,-7.080401421,0.532999992,0.455000013,-0.648000002,2.29399991,5.885000229,37.45000076,2439,7027,372463360,1266667520,102290.0313,21.94706726
21845,1,345,200058,0.774725378,-0.176519692,-8.139519691,0.66900003,2.266000032,0.629999995,2.29399991,5.888000011,37.49499893,2439,7020,372463360,1266667520,102288.4375,21.94436646
21845,1,355,200158,0.254972905,-1.176797986,-6.001669884,0.400999993,3.704999924,6.96600008,4.638999939,6.204999924,37.51800156,2439,7016,372463360,1266667520,102288.4688,21.96226501
21845,1,366,200268,-0.843371928,-1.000278354,-8.453331947,-1.154999971,-0.625,8.197999954,4.65500021,6.203000069,37.51800156,2439,7012,372463360,1266667520,102289.375,21.94715881
21845,1,376,200368,3.765753746,2.088816404,-18.89741516,-0.722000003,-2.328000069,1.79400003,3.809000015,8.425999641,38.97499847,2439,7008,372463360,1266667520,102287.8125,21.9629364
21845,1,386,200468,-1.15718472,-1.372931004,-25.06579781,1.644999981,-0.068000004,4.617000103,3.83100009,8.42800045,38.93000031,2439,7009,372463392,1266667520,102288.25,21.95448303
21845,1,396,200568,-2.45166254,-1.441577554,-33.27396393,0.606999993,-1.113000035,5.984000206,3.638000011,7.153999805,37.61500168,2439,6992,372463392,1266667520,102281.7031,21.9584198
21845,1,407,200678,-0.107873149,0.156906411,-37.33391571,-1.953999996,2.219000101,-18.58699989,3.638000011,7.152999878,37.59199905,2440,6984,372463392,1266667520,102272.4844,21.95716858
21845,1,417,200778,1.80442369,-1.451384187,-43.7180481,1.646999955,1.949000001,2.313999891,1.154000044,6.678999901,34.06399918,2440,6975,372463392,1266667520,102261.5938,21.94572449
21845,1,427,200878,0.313812822,0.81395191,-40.48184967,2.26699996,5.744999886,16.78100014,2.786999941,5.250999928,36.7480011,2440,6964,372463392,1266667520,102240.4375,21.93177795
21845,1,437,200978,-3.893240213,0.529559135,-44.8654213,-5.051000118,3.266000032,17.09799957,3.285000086,6.837999821,36.65800095,2440,6963,372463392,1266667520,102218,21.9069519
21845,1,448,201088,3.775560141,1.255251288,-45.75782776,-10.18299961,4.53000021,12.02400017,3.450999975,8.112000465,36.69499969,2440,6953,372463392,1266667520,102204.7188,21.89953613
21845,1,458,201188,1.745583773,-1.902490139,-47.89567947,-11.44200039,3.713000059,5.831999779,2.454999924,7.951000214,36.20199966,2440,6948,372463392,1266667520,102174.2344,21.87973022
21845,1,469,201298,-0.539365768,0.392266005,-48.3958168,-11.93000031,5.147999763,-4.958000183,2.444000006,6.047999859,36.41899872,2440,6939,372463392,1266667520,102160.25,21.87779236
21845,1,479,201398,-2.530115604,-1.784810305,-47.93490601,-7.90500021,5.455999851,-10.40999985,0.479000002,4.776000023,33.94499969,2440,6930,372463392,1266667520,102115.5781,21.86471558
21845,1,489,201498,-3.63826704,-1.039504886,-45.52247238,-1.50999999,13.43999958,-14.99499989,0.483999997,3.980000019,34.22900009,2440,6928,372463392,1266667520,102092.8281,21.85720825
21845,1,500,201608,2.186882973,3.344067574,-46.83656311,1.86500001,7.026000023,-21.55999947,0.629000008,2.234999895,34.28099823,2441,6911,372463392,1266667520,102037.6875,21.86250305
21845,1,510,201708,-1.255251288,-0.313812822,-48.59194946,3.854000092,6.019999981,-28.97100067,-0.505999982,1.123000026,33.57099915,2441,6909,372463392,1266667520,102011.625,21.86576843
21845,1,521,201818,-1.470997572,1.618097305,-44.62025833,-4.298999786,1.222000003,-33.27399826,-1.501999974,-1.098999977,32.14400101,2441,6897,372463392,1266667520,101945.6563,21.86808777
21845,1,531,201918,1.853456855,-1.706357121,-43.97302246,-6.311999798,0.363999993,-41.56000137,-1.154000044,-2.687999964,32.68199921,2441,6879,372463392,1266667520,101910.0625,21.87385559
21845,1,542,202028,-1.578870654,-0.902211845,-39.84442139,-9.387999535,0.282999992,-47.1969986,-0.351000011,-6.97300005,33.29499817,2441,6874,372463392,1266667520,101830.875,21.85874939
21845,1,552,202128,0.990471721,-1.529837489,-39.58944702,-7.164999962,0.963999987,-46.00600052,0.130999997,-10.14799976,33.20500183,2441,6854,372463392,1266667520,101746.25,21.860672
21845,1,562,202228,4.756225586,-0.343232751,-36.5297699,-6.146999836,6.635000229,-49.68999863,2.278000116,-13.47900009,32.0019989,2441,6851,372463392,1266667520,101702.5313,21.85412598
21845,1,572,202328,-1.706357121,-3.196968079,-34.07810974,0.658999979,6.441999912,-53.41500092,3.13499999,-18.23900032,32.39799881,2441,6839,372463392,1266667520,101617.2344,21.84634399
21845,1,583,202438,0.323619455,-2.579149008,-32.64633942,-2.779000044,4.184999943,-62.83599854,5.265999794,-20.78199959,32.63700104,2441,6801,372463392,1266667520,101573.7656,21.84288025
21845,1,593,202538,-2.088816404,-1.667130589,-24.98734474,-0.282000005,2.823999882,-65.98100281,6.769999981,-24.27400017,31.10499954,2442,6645,372463360,1266667520,101475.4375,21.84634399
21845,1,604,202648,-0.294199497,-1.676937222,-20.53512573,-2.132999897,5.535999775,-72.2539978,9.597000122,-27.13299942,31.81500053,2442,6559,372463360,1266667520,101423.5469,21.83854675
21845,1,614,202748,-4.275699139,0.50994581,-6.874461651,-4.065000057,2.915999889,-75.67099762,13.90699959,-32.68899918,31.86000061,2442,6501,372463328,1266667520,101317.0625,21.83528137
21845,1,625,202858,0.245166257,0.568785667,2.794895172,-0.221000001,-3.660000086,-80.44999695,18.72599983,-35.06999969,31.4109993,2442,6444,372463328,1266667520,101200.125,21.83065796
21845,1,635,202958,-0.313812822,-0.235359609,2.255529642,1.845000029,2.187999964,-75.70400238,24.71199989,-37.29000092,32.25600052,2442,6386,372463328,1266667520,101146.3281,21.82102966
21845,1,646,203068,0.392266005,-0.127486452,2.461469173,-3.821000099,5.531000137,-73.33200073,24.71699905,-37.29100037,32.32300186,2443,6328,372463296,1266667392,101040.2813,21.82766724
21845,1,656,203168,-0.107873149,0.205939651,1.990749955,-7.047999859,-1.488000035,-75.11000061,33.85200119,-39.99000168,31.2689991,2443,6271,372463296,1266667392,100984.8906,21.82113647
21845,1,666,203268,-0.402072668,-0.049033251,1.706357121,-2.075000048,-3.756000042,-76.56999969,33.86800003,-39.99200058,31.2689991,2443,6213,372463264,1266667392,100876.9531,21.81825256
21845,1,677,203378,-0.058839902,0.156906411,1.833843589,-0.26699999,-0.388000011,-74.31900024,44.14199829,-40.30699921,31.69499969,2443,6155,372463264,1266667392,100825.5,21.8135376
21845,1,687,203478,-0.323619455,-0.37265268,1.882876873,-3.944999933,0.532000005,-71.06400299,44.11600113,-40.31000137,31.64999962,2443,6098,372463232,1266667392,100722.7656,21.81575012
21845,1,698,203588,0.156906411,-0.225552961,2.088816404,-2.740999937,-2.197000027,-70.18199921,53.23400116,-37.13399887,32.0909996,2444,6040,372463232,1266667392,100669.9688,21.82815552
21845,1,708,203688,0.078453206,-0.107873149,1.794616938,2.397000074,-0.243000001,-70.35800171,53.22800064,-37.13499832,32.0019989,2444,5983,372463232,1266667392,100574.1563,21.81584167
21845,1,719,203798,0.088259846,-0.18632634,1.539644122,-1.085000038,0.133000001,-65.44499969,60.2159996,-33.00600052,29.84199905,2444,5925,372463200,1266667264,100482.4688,21.80833435
21845,1,729,203898,0.362846047,0.480525851,1.451384187,-1.15199995,-5.563000202,-65.31300354,69.18399811,-25.70400047,32.02399826,2444,5867,372463200,1266667264,100434.9531,21.80978394
21845,1,740,204008,-0.156906411,-0.745305359,1.490610719,1.662999988,-4.593999863,-62.41600037,69.17900085,-25.70400047,32.0019989,2444,5810,372463168,1266667264,100342.2031,21.81103516
21845,1,750,204108,-0.696272194,-0.176519692,1.29447782,1.458999991,-2.513000011,-62.92300034,74.8219986,-16.81299973,27.91300011,2445,5752,372463168,1266667264,100296.4063,21.81045532
21845,1,761,204218,-0.421685964,0.166713059,1.137571335,1.261000037,-0.787,-60.93000031,74.80599976,-14.43099976,28.8029995,2445,5694,372463168,1266667264,100210.9531,21.80218506
21845,1,771,204318,0.323619455,-0.274586201,1.421964288,2.595000029,-2.566999912,-60.72700119,77.34899902,-9.036000252,31.03700066,2445,5637,372463136,1266667264,100170.8594,21.80487061
21845,1,786,204468,0.019613301,-0.431492597,1.402351022,5.492000103,-2.644999981,-56.47600174,79.3030014,-5.066999912,29.88599968,2445,5579,372463136,1266667264,100045.4844,21.80053711
21845,1,805,204658,-0.098066501,-0.049033251,1.265057802,0.054000001,-0.843999982,-52.64899826,79.31900024,2.871999979,28.8029995,2445,5522,372463104,1266667136,99966.45313,21.80015564
21845,1,829,204898,-0.382459372,-0.107873149,1.029698253,4.995999813,-2.812999964,-49.7519989,78.29699707,17.15600014,27.39699936,2446,5464,372463104,1266667136,99811.59375,21.79756165
21845,1,845,205058,-0.049033251,-0.304006159,1.01989162,6.764999866,0.99000001,-48.85200119,75.15399933,18.74399948,28.78800011,2446,5406,372463104,1266667136,99741.15625,21.80131531
21845,1,871,205318,-0.039226603,-0.254972905,1.000278354,2.469000101,-2.385999918,-46.24399948,69.69300079,28.74699974,26.87400055,2446,5349,372463072,1266667136,99604.3125,21.78457642
21845,1,886,205468,-0.18632634,0.049033251,0.81395191,2.47300005,-0.667999983,-44.2159996,68.68099976,34.46099854,26.33600044,2446,5291,372463072,1266667136,99510.84375,21.79121399
21845,1,907,205678,0.019613301,-0.323619455,0.745305359,3.434999943,3.680999994,-42.82899857,62.05799866,37.95299911,26.66500092,2446,5233,372463040,1266667136,99423.0625,21.80506897
21845,1,932,205928,-0.049033251,-0.245166257,0.627625644,8.859999657,2.98300004,-42.81000137,52.09899902,43.18999863,25.22999954,2447,5176,372463040,1266667136,99336.78125,21.80314636
21845,1,962,206228,0.127486452,0.156906411,0.549172401,-1.190000057,1.88499999,-37.68500137,42.98099899,46.68299866,24.40800095,2447,5089,372463008,1266667008,99190.42188,21.80093384
21845,1,987,206478,0.117679805,-0.019613301,0.421685964,0.291999996,0.103,-37.42399979,37.82400131,49.06399918,23.6079998,2447,5003,372463008,1266667008,99094.26563,21.80178833
21845,1,1005,206658,0.088259846,0.06864655,0.294199497,6.717000008,-0.004,-36.26800156,32.16500092,47.0019989,24.25099945,2447,4945,372462976,1266667008,99049.42188,21.80006409
21845,1,1029,206898,-0.196133003,-0.18632634,0.353039384,10.8760004,7.010000229,-35.02500153,22.87599945,47.47900009,21.2159996,2448,4888,372462976,1266667008,98967.0625,21.78408813
21845,1,1043,207038,0.049033251,-0.107873149,0.313812822,8.82199955,9.409999847,-33.54199982,22.04000092,47.79600143,22.12800026,2448,4830,372462944,1266667008,98925.46875,21.78236389
21845,1,1069,207298,0.117679805,0.088259846,0.117679805,1.11500001,11.68799973,-30.07600021,10.74300003,45.25699997,17.03800011,2448,4772,372462944,1266667008,98853.64063,21.74330139
21845,1,1083,207438,0.049033251,0.019613301,0.18632634,0.405999988,11.00599957,-29.82299995,7.793000221,41.92300034,16.18600082,2448,4715,372462944,1266667008,98825.4375,21.74165344
21845,1,1112,207728,0,0,0.117679805,2.469000101,12.08199978,-29.11700058,3.766000032,38.42699814,14.05599976,2448,4657,372462912,1266666880,98761.32813,21.71740723
21845,1,1156,208168,0.039226603,-0.019613301,0.225552961,6.263000011,19.79400063,-28.03499985,-6.010000229,32.08000183,9.960000038,2449,4571,372462912,1266666880,98687.15625,21.67440796
21845,1,1185,208458,-0.06864655,0.019613301,0.117679805,2.50999999,24.34600067,-25.09700012,-11.47200012,24.78000069,3.217999935,2449,4456,372462880,1266666880,98655.95313,21.67651367
21845,1,1218,208788,0.06864655,-0.029419951,0.176519692,-6.754000187,30.22299957,-22.04100037,-14.77999973,16.68400002,-5.803999901,2449,4369,372462848,1266666880,98630.04688,21.66564941
21845,1,1247,209078,0.029419951,0.078453206,0.362846047,-11.50599957,33.17699814,-21.79800034,-16.79899979,12.39799976,-10.6619997,2450,4283,372462816,1266666752,98616.96875,21.67642212
21845,1,1278,209388,0.049033251,0.049033251,0.37265268,-20.62899971,38.7519989,-22.74600029,-13.48999977,6.046000004,-22.12100029,2450,4196,372462816,1266666752,98618.04688,21.6796875
21845,1,1297,209578,0.019613301,0.039226603,0.362846047,-23.10099983,40.19400024,-23.10499954,-13.47900009,6.046000004,-22.09799957,2450,-163,372464064,1266664576,98619.76563,21.64987183
21845,1,1319,209798,0.107873149,0.107873149,0.441299289,-27.80599976,41.23400116,-23.24399948,-7.835999966,1.75999999,-34.99900055,2451,-331,372464128,1266664576,98626.60938,21.66487122
21845,1,1334,209948,0.009806651,0.049033251,0.500139177,-28.58600044,40.31999969,-23.60499954,-7.820000172,1.758999944,-34.93199921,2451,-499,372464160,1266664448,98637.67188,21.66160583
21845,1,1345,210058,0.107873149,0.058839902,0.441299289,-28.85400009,38.77399826,-23.06399918,-2.342999935,1.281999946,-42.00299835,2451,-1098,372464256,1266666240,98644.29688,21.66603088
21845,1,1356,210168,0.049033251,0.117679805,0.451105922,-28.27300072,36.36000061,-24.51300049,-2.358999968,1.284000039,-42.13700104,2451,-1897,372462496,1266666880,98655.42188,21.66477966
21845,1,1366,210268,-0.549172401,-1.657323837,0.892405152,-12.28499985,-7.078999996,10.38500023,0.822000027,2.394999981,-47.58599854,2451,-1949,372460736,1266667264,98662.46875,21.67440796
21845,1,1376,210368,0.696272194,0.686465502,3.775560141,-10.34700012,15.44299984,-32.86100006,2.171000004,3.190999985,-47.84700012,2451,-2352,372459936,1266667776,98798.28125,21.67362976
21845,1,1387,210478,-20.64299965,63.55690002,97.62519836,86.1740036,-35.91500092,-241.3910065,2.128000021,2.871000051,-48.9090004,2451,-2784,372459424,1266668032,98682.95313,21.6725769
21845,1,1397,210578,1.284671187,0.127486452,9.826263428,49.24399948,-0.866999984,-414.980011,2.812999964,-5.861999989,-47.51900101,2451,-3369,372458944,1266668288,98688.64063,21.66564941
21845,1,1413,210738,-2.324176073,-0.245166257,2.304562807,-4.342999935,59.04899979,-493.1239929,44.75799942,-37.76900101,-41.57600021,2452,-3837,372458496,1266668544,98756.78125,21.66439819
21845,1,1424,210848,-2.794895172,-0.480525851,6.305675983,-40.26900101,51.45899963,-465.0669861,75.80699921,-19.82999992,-40.0890007,2452,-3447,372458784,1266668544,98636.25,21.68969727
21845,1,1435,210958,-2.373209238,-3.246001244,5.982056618,13.19999981,66.46399689,-269.946991,77.13500214,19.54400063,-36.07500076,2452,-2928,372458912,1266668672,98678.10938,21.69258118
21845,1,1446,211068,-2.235916138,-3.814786911,6.688135147,43.34400177,151.9779968,-37.36500168,62.52299881,41.28699875,-31.61300087,2452,-2476,372459040,1266668672,98674.75,21.69941711
21845,1,1456,211168,-0.460912555,-5.060231209,3.804980278,54.84199905,133.6300049,31.58399963,57.38299942,44.14599991,-30.41699982,2452,-2480,372459232,1266668800,98673.39063,21.70413208
21845,1,1467,211278,-1.676937222,-4.099179745,1.421964288,-9.831999779,16.58300018,31.60300064,66.53900146,43.66799927,-26.47100067,2452,-1635,372459296,1266668800,98677.0625,21.70768738
21845,1,1477,211378,-1.882876873,-2.471275806,6.629295349,49.33399963,-58.10100174,216.3379974,69.4940033,40.01900101,-25.13299942,2452,-1451,372459424,1266668928,98823.3125,21.71827698
21845,1,1488,211488,-1.470997572,0.598205686,6.060509682,71.2460022,-175.2519989,410.2049866,80.13300323,3.190000057,-35.82099915,2452,-1000,372459520,1266668928,98844.1875,21.72886658
21845,1,1498,211588,-0.686465502,0.872791886,8.639658928,-63.44300079,-130.2160034,328.1919861,62.35699844,-29.67099953,-42.65299988,2452,3597,372459424,1266668928,98841.09375,21.71684265
21845,1,1509,211698,2.079009771,1.902490139,3.569620609,-104.2269974,-32.49100113,299.6700134,28.03700066,-32.84799957,-47.33200073,2453,4256,372459520,1266668928,98904.0625,21.72645569
21845,1,1520,211808,8.620045662,9.139798164,1.980943441,-91.7539978,0.361999989,293.5979919,9.442000389,-16.33200073,-49.96300125,2453,4654,372459648,1266668928,98897.79688,21.71414185
21845,1,1531,211918,0.323619455,-3.471554279,0.882598579,-95.34899902,26.60000038,306.2340088,4.452000141,7.951000214,-49.82099915,2453,4845,372459808,1266668928,98844.42188,21.69152832
21845,1,1541,212018,-2.000556707,-3.030254841,1.510224104,-33.82400131,-3.414999962,310.4719849,13.24300003,29.8560009,-50.61999893,2453,5077,372459904,1266669056,98845.15625,21.69836426
21845,1,1551,212118,-3.295034409,-2.27514267,2.441855907,19.80500031,-41.34799957,268.5750122,31.97800064,38.5870018,-46.29999924,2453,6024,372460032,1266669184,98970.75,21.70375061
21845,1,1561,212218,-3.422520876,-0.284392834,2.059396505,0.915000021,-57.39300156,235.6260071,31.9829998,38.59000015,-46.36800003,2453,6656,372460160,1266669312,99040.875,21.7063446
21845,1,1572,212328,-2.853735209,-1.127764821,27.7920475,-138.0359955,-103.2480011,149.3560028,60.37099838,28.5890007,-47.6609993,2453,6947,372460192,1266669312,99041.78125,21.71298218
21845,1,1582,212428,-2.343789339,-1.637710571,15.77890015,-205.5930023,-110.7040024,107.4840012,60.37099838,28.5890007,-47.77299881,2453,6948,372460256,1266669440,98988.125,21.73117065
21845,1,1593,212538,-1.402351022,-1.304284453,4.658158779,-21.93300056,-63.86500168,258.3439941,60.18299866,31.92300034,-44.43899918,2453,6721,372460320,1266669440,99002.23438,21.71760559
21845,1,1604,212648,-1.412157536,-1.608290672,11.9837265,126.4339981,-131.1889954,282.5450134,60.2159996,31.92300034,-44.30500031,2453,6998,372460384,1266669568,99106.73438,21.71751404
21845,1,1614,212748,0.225552961,-1.451384187,19.03470802,77.68599701,-157.6970062,271.3980103,68.68099976,8.744999886,-48.48300171,2454,7206,372460448,1266669568,99100.8125,21.72077942
21845,1,1629,212898,0.284392834,0.441299289,10.55195522,105.8619995,75.25499725,449.2160034,34.77799988,-20.4640007,-57.22000122,2454,8156,372460672,1266669696,99155.125,21.71711731
21845,1,1639,212998,0.676658869,0.95124507,11.54242802,176.6629944,-5.854000092,405.2309875,34.80500031,-20.46500015,-57.2879982,2454,8452,372460768,1266669696,99156.45313,21.70375061
21845,1,1650,213108,1.000278354,0.872791886,8.865211487,54.96500015,-62.41400146,414.6539917,12.89500046,-13.47799969,-53.41600037,2454,8760,372460832,1266669696,99186.48438,21.68585205
21845,1,1660,213208,1.627903819,0.676658869,4.599318981,-22.30599976,9.949999809,304.9549866,3.617000103,19.70000076,-44.23699951,2454,8935,372460960,1266669696,99208.64063,21.68652344
21845,1,1671,213318,2.235916138,-1.274864435,7.227500916,-7.249000072,61.62400055,205.3419952,3.621999979,19.69799995,-44.37200165,2454,9195,372461088,1266669696,99227.64063,21.67440796
21845,1,1681,213418,1.049311519,-2.088816404,9.35554409,15.08199978,79.60900116,182.7660065,33.47100067,38.4280014,-47.61600113,2454,9724,372461216,1266669696,99224.64063,21.66786194
21845,1,1692,213528,0.019613301,-1.480804086,8.139519691,47.44100189,70.30799866,134.7740021,33.50899887,38.4280014,-47.61600113,2454,10194,372461312,1266669696,99267.60938,21.65794373
21845,1,1702,213628,-1.461190939,-0.598205686,7.727640152,38.86399841,61.94499969,119.1900024,57.89199829,25.5720005,-49.90999985,2454,10705,372461408,1266669696,99320.53125,21.66911316
21845,1,1713,213738,-1.304284453,-0.666852236,7.453053951,-11.60000038,30.47900009,58.97800064,66.35700226,17.47699928,-47.39899826,2455,11207,372461472,1266669696,99334.625,21.67132568
21845,1,1723,213838,-2.54972887,-2.265336275,9.76742363,-50.44900131,-33.64599991,64.13400269,69.17900085,19.54000092,-48.10200119,2455,11555,372461568,1266669696,99346.89063,21.67565918
21845,1,1734,213948,-1.676937222,-1.73577714,11.72875309,-67.69100189,-37.61299896,44.53099823,66.02500153,19.53800011,-47.92200089,2455,11667,372461696,1266669696,99349.98438,21.68258667
21845,1,1744,214048,-1.667130589,-1.059118271,10.02239609,-15.47799969,-20.35499954,94.78299713,67.35299683,19.22100067,-47.75799942,2455,12019,372461792,1266669696,99377.1875,21.6910553
21845,1,1755,214158,-0.794338644,-1.176797986,11.25803471,68.31800079,-26.60199928,117.8789978,68.18299866,12.23700047,-47.49599838,2455,12905,372461888,1266669696,99406.8125,21.70779419
21845,1,1765,214258,-0.725692093,-0.921825111,12.38579941,77.56099701,-64.30000305,39.0019989,66.97799683,1.284000039,-50.5530014,2455,13513,372461920,1266669696,99443.20313,21.71308899
21845,1,1775,214358,0.039226603,0.088259846,8.335653305,86.39099884,-68.01899719,3.487999916,61.04600143,-4.269000053,-55.13499832,2455,14265,372461920,1266669696,99437.14063,21.71009827
21845,1,1813,214738,-1.29447782,-1.73577714,50.9553566,-85.5039978,10.13599968,127.3899994,48.43600082,-22.20800018,-52.75799942,2456,16502,372462080,1266669568,99527.53125,21.72087097
21845,1,1823,214838,-0.127486452,1.618097305,39.93267822,-112.8600006,-90.75,-9.173999786,46.27299881,-14.11400032,-56.80199814,2456,16809,372462144,1266669568,99537.45313,21.71289063
21845,1,1833,214938,2.020169973,-2.265336275,22.80046272,149.1000061,111.086998,280.3049927,44.26499939,-16.0189991,-57.95299911,2456,17343,372462208,1266669568,99549.01563,21.7150116
21845,1,1843,215038,0.451105922,-0.127486452,17.53429031,105.2149963,41.09600067,341.6409912,36.9620018,-29.98999977,-50.89699936,2456,17001,372462368,1266669568,99549.25,21.73664856
21845,1,1854,215148,0.71588546,0.794338644,13.71950436,24.69599915,21.31699944,393.5469971,20.51399994,-28.08200073,-48.05699921,2456,15618,372462560,1266669568,99549.67188,21.73387146
21845,1,1864,215248,1.755390406,0.921825111,7.00194788,16.17700005,9.86400032,399.3699951,5.441999912,-12.36800003,-47.75,2456,15085,372462720,1266669568,99558.60938,21.72155762
21845,1,1875,215358,1.824036956,4.383572578,6.256642818,-288.6879883,-317.9460144,421.2659912,1.292999983,11.76099968,-44.81299973,2456,13299,372462944,1266669568,99549.17188,21.74386597
21845,1,1885,215458,2.137849569,0.333426118,9.0613451,-501.3800049,-99.70600128,338.3320007,1.27699995,11.76200008,-44.63399887,2456,12698,372463104,1266669440,99554.65625,21.73309326
21845,1,1896,215568,2.422242641,3.177354574,5.991863251,-289.4070129,126.9339981,342.6789856,38.47200012,41.76499939,32.06100082,2456,12758,372463200,1266669440,99566.57813,21.72328186
21845,1,1906,215668,0.304006159,-0.176519692,-0.117679805,83.06099701,10.93400002,156.4219971,38.47200012,41.76499939,31.90399933,2456,12432,372463328,1266669312,99568.875,21.72819519
21845,1,1917,215778,2.029976606,0.392266005,9.228057861,395.2139893,-209.3630066,-215.496994,51.75600052,36.04999924,31.82999992,2457,12261,372463392,1266669184,99582.78125,21.73530579
21845,1,1928,215888,3.187161207,-5.707470417,4.766032219,-124.8050003,-9.604000092,-204.4550018,1.774999976,35.25400162,-34.70000076,2457,11754,372463456,1266669056,99603.9375,21.72077942
21845,1,1938,215988,-0.107873149,6.364515781,19.89769363,-350.5929871,-36.47800064,-61.27999878,1.791000009,35.25699997,-34.79000092,2457,11398,372463456,1266668928,99596.79688,21.70153809
21845,1,1949,216098,-0.1372931,2.31436944,23.3888607,195.3849945,523.3170166,-80.62200165,-8.645000458,31.12800026,-16.84399986,2457,14605,372463360,1266668928,99610.78125,21.69729614
21845,1,1959,216198,4.864098549,0.931631744,18.62282944,162.8650055,382.7749939,-338.6730042,-8.661000252,31.12800026,-16.93300056,2457,14858,372463360,1266668928,99647.78125,21.68412781
21845,1,1969,216298,-0.549172401,-0.81395191,25.54632378,41.01200104,46.92300034,-657.8920288,41.61500168,-4.59100008,-60.60599899,2457,14757,372463424,1266668800,99664.65625,21.68960571
21845,1,1980,216408,0.049033251,-0.460912555,13.87640953,97.92900085,-116.5199966,-550.4500122,41.62599945,-4.59100008,-60.58399963,2457,15152,372463488,1266668800,99662.53125,21.69306946
21845,1,1990,216508,0.843371928,-0.18632634,1.01989162,148.7160034,78.58499908,-456.3659973,38.62200165,-5.544000149,-60.48699951,2457,15399,372463552,1266668672,99681.32813,21.68951416
21845,1,2000,216608,7.198081493,1.500417471,16.29865265,72.11799622,-103.0979996,-381.428009,38.62200165,-5.537000179,-60.55400085,2457,15328,372463648,1266668672,99690.17188,21.70249939
21845,1,2011,216718,1.29447782,0.117679805,10.39504814,187.2539978,-180.1459961,-291.6059875,49.73699951,-4.747000217,-59.33599854,2457,15291,372463680,1266668544,99675.60938,21.70220947
21845,1,2021,216818,-0.362846047,-0.745305359,6.629295349,-0.531000018,-167.7389984,-547.1309814,49.73699951,-4.747000217,-59.29100037,2458,15348,372463712,1266668544,99678.64063,21.7061615
21845,1,2032,216928,-1.971136689,-1.421964288,8.610239029,-112.125,-203.576004,-787.2880249,42.59000015,-9.984000206,-60.7480011,2458,14685,372463840,1266668544,99726.07813,21.7195282
21845,1,2042,217028,-0.421685964,-1.265057802,7.354987621,59.26300049,-167.4550018,-892.2800293,31.48999977,-1.256999969,-58.77500153,2458,14240,372463904,1266668544,99715.65625,21.71673584
21845,1,2053,217138,1.049311519,-2.579149008,13.73911667,-59.39400101,-32.17499924,-855.0490112,35.9659996,-19.19199944,-56.73500061,2458,13440,372464000,1266668544,99735.07813,21.71559143
21845,1,2064,217248,1.461190939,1.059118271,22.83968735,-262.5840149,-182.1340027,-867.0250244,49.26100159,5.888999939,-60.02299881,2458,10518,372464064,1266668416,99739.10938,21.7301178
21845,1,2074,217348,-1.510224104,-0.902211845,13.51356411,35.98500061,-152.3179932,-819.4520264,7.765999794,15.09500027,-49.5890007,2458,8449,372464000,1266668288,99743.14063,21.73097229
21845,1,2085,217458,0.029419951,1.382737756,10.00278282,-113.2109985,-32.76399994,-581.1019897,10.23999977,-29.98500061,-40.68700027,2458,6910,372464224,1266668288,99775.3125,21.72010803
21845,1,2095,217558,-1.137571335,0.784532011,18.86799431,-19.03700066,-102.7310028,-522.9580078,45.79100037,-33.63899994,-47.24200058,2458,5554,372464416,1266668288,99768.82813,21.74801636
21845,1,2105,217658,-1.470997572,-0.833565295,8.894631386,87.17299652,144.1060028,-275.1229858,61.3769989,-20.78000069,-48.58000183,2458,4845,372464576,1266668288,99770.51563,21.74156189
21845,1,2115,217758,-0.049033251,-0.882598579,13.67047119,-33.12799835,196.6970062,-164.5209961,77.15100098,-10.3039999,-36.67300034,2458,3985,372464704,1266668288,99767.5,21.73973083
21845,1,2126,217868,-0.353039384,-1.912296653,10.32640266,-50.69499969,104.6539993,-134.7400055,88.42099762,6.361000061,-21.14100075,2459,2131,372464896,1266668288,99774.32813,21.724823
21845,1,2136,217968,0.304006159,-2.216302872,8.247392654,106.0130005,48.13800049,52.31299973,86.89499664,15.5710001,-11.74600029,2459,1185,372465024,1266668288,99796.59375,21.72770691
21845,1,2147,218078,-1.500417471,-1.902490139,9.532064438,149.2949982,12.73099995,72.34899902,88.40000153,10.65100002,-9.675999641,2459,1703,372464768,1266668160,99828.34375,21.72779846
21845,1,2157,218178,-2.383016109,-0.058839902,10.14007664,152.0090027,-9.784999847,68.78800201,88.58200073,2.236999989,-9.130000114,2459,1361,372464832,1266668160,99842.48438,21.73809814
21845,1,2168,218288,-2.333982706,1.618097305,12.66038513,-38.73199844,-72.375,-59.08100128,89.24099731,-6.968999863,-13.36800003,2459,-25,372464864,1266668032,99857.85938,21.73771667
21845,1,2178,218388,-1.569064021,-0.078453206,12.31715298,-4.815999985,-84.67299652,-55.91500092,88.91400146,-0.460999995,-20.55900002,2459,-105,372464896,1266667904,99866.46875,21.74743652
21845,1,2188,218488,-1.000278354,-0.147099748,11.9837265,27.3409996,-70.86399841,-53.54199982,84.93099976,3.825999975,-29.7670002,2459,-1053,372464960,1266667904,99870.57813,21.74136353
21845,1,2198,218588,-0.706078768,-0.872791886,12.49367237,76.40399933,-40.59400177,-78.25,81.77700043,5.413000107,-34.76699829,2459,-1752,372465024,1266667904,99879.45313,21.745224
21845,1,2209,218698,-0.774725378,-0.18632634,12.0719862,78.43699646,-25.26499939,-67.04100037,78.30699921,8.428999901,-38.24300003,2459,-2576,372465024,1266667776,99886.875,21.74455261
21845,1,2219,218798,-1.108151436,0.18632634,10.71866894,69.08699799,-23.5720005,-49.33800125,77.3010025,8.588000298,-42.82500076,2459,-2269,372465024,1266667648,99898.5,21.7532959
21845,1,2230,218908,-1.421964288,0.304006159,10.40485573,52.43799973,-45.79299927,-47.25,73.36599731,9.062999725,-43.48199844,2460,-2570,372464928,1266667520,99906.5625,21.74598694
21845,1,2241,219018,-1.441577554,0.598205686,10.86576843,37.50099945,-122.8099976,-30.08600044,68.34899902,7.479000092,-47.85499954,2460,-3066,372464960,1266667520,99913.51563,21.7507019
21845,1,2251,219118,-0.18632634,0.431492597,10.89518738,28.52499962,-126.3239975,-24.40500069,59.9109993,4.460000038,-54.07400131,2460,-4194,372464960,1266667392,99922.125,21.74455261
21845,1,2262,219228,-0.078453206,0.392266005,10.2773695,-67.52999878,-38.45999908,-55.04700089,50.24100113,4.776000023,-58.30400085,2460,-4991,372464896,1266667392,99929.76563,21.76437378
21845,1,2272,219328,0.529559135,0.215746298,10.69905472,-90.97100067,-34.75099945,-29.72400093,45.56600189,10.96899986,-58.54299927,2460,-12312,372464960,1266667392,99945.67188,21.76493835
21845,1,2282,219428,0.637432218,0.254972905,11.11093521,-79.61299896,-21.19099998,-36.06100082,41.11199951,18.90500069,-58.63299942,2460,-14018,372464928,1266667264,99950.57813,21.7542572
21845,1,2292,219528,0.254972905,-0.764918745,11.8954668,-67.01200104,-20.48500061,-52.82799911,36.63600159,27.79599953,-55.38899994,2460,-18936,372464896,1266667392,99958.70313,21.75628662
21845,1,2303,219638,0.392266005,-1.402351022,11.22861385,-58.15499878,-28.92700005,-65.10600281,33.6269989,32.71699905,-51.23300171,2460,-20462,372464768,1266667264,99959.32813,21.76350403
21845,1,2313,219738,0.764918745,-1.078731537,11.70914078,2.345000029,-14.46800041,-75.84300232,28.49699974,37.16199875,-49.23799896,2460,-21737,372464640,1266667008,99972.07813,21.75811768
21845,1,2324,219848,-0.06864655,-0.941438437,10.3362093,7.606999874,-25.6060009,-95.29799652,23.68400002,35.25799942,-47.33200073,2460,-20228,372464320,1266666880,99976.89063,21.77253723
21845,1,2334,219948,0.039226603,-0.490332514,10.3067894,4.640999794,-46.3030014,-115.1279984,16.56299973,32.08100128,-46.77099991,2461,-18649,372464000,1266666880,99992.5625,21.7691803
21845,1,2345,220058,0.294199497,0.117679805,10.14007664,0.634000003,-65.44599915,-126.2139969,7.413000107,27.31999969,-44.9620018,2461,-18720,372464064,1266666880,100002.0313,21.75733948
21845,1,2355,220158,0.853178561,0.245166257,10.3656292,-11.1960001,-71.8789978,-110.3610001,0.778999984,20.49200058,-41.18000031,2461,-19306,372464224,1266666880,100008.2813,21.76080322
21845,1,2366,220268,1.216024637,0.657045603,11.20900154,-53.81600189,-9.756999969,-152.0890045,-5.876999855,10.96899986,-36.08300018,2461,-19569,372464352,1266666880,100019.1563,21.74234009
21845,1,2376,220368,1.706357121,0.254972905,9.365350723,-67.62400055,-8.187000275,-149.3690033,-7.482999802,2.872999907,-33.8030014,2461,-19097,372464256,1266666752,100023.6094,21.74079895
21845,1,2387,220478,1.068924785,0.764918745,8.698498726,-37.13399887,6.612999916,-167.8970032,-8.329000473,-7.445000172,-33.45199966,2461,-18537,372464096,1266666752,100031.6719,21.73847961
21845,1,2398,220588,1.363124371,0.608012319,10.59118271,-41.70600128,68.28500366,-129.5670013,5.260000229,-24.75,-39.91699982,2461,-18322,372464192,1266666752,100035.0313,21.73280334
21845,1,2408,220688,0.64723891,0.353039384,9.590903282,-54.42900085,62.18399811,-119.973999,5.260000229,-24.75200081,-40.02899933,2461,-18403,372464288,1266666752,100046.625,21.74368286
21845,1,2419,220798,0.313812822,-0.225552961,9.639936447,-57.0870018,53.01800156,-123.4680023,26.67700005,-29.83200073,-50.19400024,2461,-19823,372464224,1266666880,100063.1875,21.73001099
21845,1,2429,220898,-0.294199497,-0.470719218,10.04201031,-58.14199829,37.28499985,-134.4640045,26.68799973,-29.82699966,-50.1269989,2461,-20845,372464128,1266667008,100073.7813,21.73954773
21845,1,2439,220998,-0.480525851,-0.451105922,9.953749657,-28.34300041,25.77700043,-129.8159943,47.25299835,-19.82699966,-53.99900055,2462,-21882,372464032,1266667136,100092.2813,21.75820923
21845,1,2450,221108,-0.284392834,-0.676658869,7.864933491,-11.54699993,29.32999992,-119.3789978,47.25299835,-19.82699966,-53.9090004,2462,-22418,372464128,1266667136,100095.6875,21.7559967
21845,1,2460,221208,-0.421685964,-0.706078768,7.580540657,-18.88400078,24.4829998,-112.9449997,58.22399902,-10.93799973,-55.1570015,2462,-22938,372464224,1266667136,100100.8594,21.76493835
21845,1,2470,221308,-0.892405152,-0.95124507,8.00222683,-22.87599945,11.94999981,-111.5820007,58.20800018,-10.93900013,-55.1570015,2462,-22879,372464288,1266667136,100102.7344,21.75157166
21845,1,2481,221418,-1.196411371,-1.265057802,9.649744034,69.1989975,40.49300003,-52.63000107,63.35300064,2.078999996,-54.07400131,2462,-25574,372464384,1266667264,100106.0938,21.77668762
21845,1,2491,221518,-0.264779568,-1.480804086,10.14988232,79.14600372,48.97200012,-37.13399887,63.32600021,2.078999996,-54.09600067,2462,-25859,372464384,1266667264,100113.9844,21.76408386
21845,1,2502,221628,-0.64723891,-0.862985194,9.6693573,51.65200043,35.65499878,-21.39699936,67.50800323,-2.048000097,-50.36600113,2462,-27064,372464320,1266667264,100131.0781,21.77157593
21845,1,2513,221738,-0.823758602,-0.892405152,9.816456795,28.92700005,29.04100037,-1.386999965,67.50800323,-2.048000097,-50.38899994,2462,-27333,372464416,1266667264,100146.2656,21.77850342
21845,1,2523,221838,-0.823758602,-1.117958069,9.600709915,36.98400116,21.41699982,3.04399991,73.81500244,-6.809999943,-44.9620018,2462,-26948,372464448,1266667264,100160.0625,21.76522827
21845,1,2534,221948,-0.50994581,-1.147378087,9.443803787,66.60199738,-14.60900021,-19.07699966,73.8259964,-6.809000015,-44.9620018,2462,-26967,372464544,1266667264,100172.8438,21.75868225
21845,1,2544,222048,-1.323897839,-0.598205686,11.5228138,58.39699936,-23.1989994,-8.604999542,74.48999786,-10.61999989,-41.15800095,2463,-27062,372464640,1266667264,100180.1875,21.76850891
21845,1,2555,222158,-1.431770921,-0.411879301,9.57129097,43.0719986,-31.36599922,-11.47999954,74.47399902,-10.62300014,-41.15800095,2463,-27143,372464736,1266667136,100193.6094,21.7744751
21845,1,2565,222258,-1.068924785,-0.245166257,10.31659603,26.7140007,-42.00299835,-18.53100014,72.31600189,-17.12899971,-41.01599884,2463,-27003,372464800,1266667136,100200.3438,21.77052307
21845,1,2575,222358,-0.745305359,0.196133003,10.3362093,7.146999836,-50.5719986,-22.16300011,70.15299988,-18.08300018,-43.2879982,2463,-26685,372464864,1266667136,100211.3594,21.78562927
21845,1,2585,222458,-0.37265268,0.039226603,10.57156849,-14.79199982,-60.22299957,-20.85499954,67.00499725,-18.07799911,-47.18999863,2463,-26532,372464960,1266667008,100222.6875,21.77908325
21845,1,2596,222568,0.333426118,-0.313812822,11.23842144,-29.59399986,-61.30500031,-16.8920002,65.16300201,-15.8579998,-50.78499985,2463,-27065,372465024,1266667008,100228.8281,21.78225708
21845,1,2606,222668,0.480525851,-0.519752443,11.26784134,-36.29199982,-58.26300049,-11.90400028,59.20899963,-12.68400002,-54.99300003,2463,-27281,372465120,1266667008,100234.5469,21.78129578
21845,1,2617,222778,1.010084987,-0.921825111,11.70914078,-39.19900131,-53.8429985,-12.54800034,50.07500076,-5.22300005,-60.48699951,2463,-27273,372465216,1266666880,100239.8906,21.78504944
21845,1,2627,222878,1.216024637,-0.872791886,11.42474747,-35.1609993,-52.06100082,-10.07800007,45.5929985,-1.095999956,-60.88999939,2463,-25602,372465088,1266666752,100249.2969,21.79304504
21845,1,2638,222988,0.931631744,-0.676658869,10.7088623,-29.43400002,-33.91799927,0.995999992,39.94499969,2.874000072,-60.84600067,2463,-23902,372465024,1266666624,100254.1719,21.80371094
21845,1,2649,223098,1.412157536,-0.902211845,9.306510925,-5.839000225,17.32299995,-2.457000017,35.13700104,5.570000172,-61.64500046,2464,-24023,372465088,1266666624,100264.6406,21.79881287
21845,1,2659,223198,1.265057802,-0.500139177,8.423913002,-18.06100082,19.19400024,10.30200005,35.67200089,6.364999771,-61.73500061,2464,-21759,372465024,1266666496,100271.8438,21.79650879
21845,1,2670,223308,1.304284453,-0.333426118,7.855126858,-30.97900009,9.970000267,27.40999985,38.48799896,7.953000069,-61.38399887,2464,-21974,372465056,1266666496,100275.875,21.79255676
21845,1,2680,223408,1.765197158,-0.755112052,8.531785965,-37.02399826,1.845000029,44.9129982,39.79999924,10.33399963,-59.59700012,2464,-22857,372465120,1266666496,100278.7031,21.79206848
21845,1,2690,223508,1.73577714,-0.784532011,9.375157356,-18.58499908,8.597999573,38.00299835,39.98199844,13.35000038,-61.80199814,2464,-23613,372465152,1266666496,100278.3594,21.78842163
21845,1,2701,223618,2.226109505,-1.843650222,9.208444595,23.82299995,33.61299896,12.31400013,42.24700165,16.04899979,-57.72900009,2464,-23217,372465152,1266666368,100286.4063,21.79640198
21845,1,2711,223718,2.61837554,-2.304562807,8.492559433,30.24300003,20.54899979,18.55400085,44.24900055,14.1420002,-59.76200104,2464,-22653,372465120,1266666240,100295.9688,21.7842865
21845,1,2721,223818,1.510224104,-1.529837489,8.894631386,73.22499847,42.50600052,19.67000008,47.07099915,13.82499981,-59.82899857,2464,-22097,372465088,1266666112,100320.0781,21.79360962
21845,1,2732,223928,1.15718472,-1.549450755,9.708583832,62.90499878,40.15299988,36.68000031,50.90499878,6.205999851,-58.90999985,2464,-21564,372465088,1266665984,100330.6875,21.79592896
21845,1,2742,224028,0.666852236,-1.186604619,10.03220272,48.03300095,31.43700027,50.24900055,56.22100067,-1.412999988,-58.0870018,2464,-20861,372465024,1266665856,100345.7969,21.79264832
21845,1,2753,224138,0.235359609,-1.206218004,10.16949558,42.14500046,20.06299973,45.64199829,56.0340004,-7.129000187,-55.20999908,2465,-20140,372464992,1266665728,100361.4688,21.79678345
21845,1,2763,224238,0.039226603,-0.931631744,9.885103226,36.8769989,5.572000027,34.4679985,58.54000092,-14.42800045,-52.52600098,2465,-19652,372464960,1266665600,100367.7188,21.79948425
21845,1,2773,224338,0.264779568,-0.696272194,10.3067894,28.44799995,-6.160999775,27.04100037,57.86000061,-17.2859993,-52.52600098,2465,-20377,372464928,1266665472,100384.75,21.80207825
21845,1,2783,224438,0.568785667,-0.451105922,10.79712105,16.46199989,-12.4989996,27.57799911,60.01699829,-22.52599907,-51.11399841,2465,-22641,372464928,1266665344,100391.4063,21.80400085
21845,1,2794,224548,0.892405152,-0.117679805,10.94422245,-1.460000038,-13.40600014,42.64500046,54.68500137,-23.95299911,-50.72499847,2465,-23657,372464928,1266665344,100404.5938,21.79515076
21845,1,2804,224648,0.892405152,-0.019613301,10.40485573,-23.46899986,-9.43999958,68.1289978,53.35699844,-26.65500069,-50.5530014,2465,-24103,372464896,1266665216,100408.7813,21.79794312
21845,1,2815,224758,0.95124507,-0.215746298,11.01286793,-44.64300156,0.050000001,97.48999786,50.92599869,-26.1779995,-50.60599899,2465,-24912,372464864,1266665216,100418.9219,21.80361938
21845,1,2826,224868,0.794338644,-0.608012319,9.512451172,-53.19599915,13.2869997,114.5309982,45.75899887,-26.17700005,-52.01800156,2465,-24979,372464800,1266665216,100421.6406,21.80804443
21845,1,2836,224968,0.539365768,-1.010084987,10.29698181,-49.5909996,27.51099968,121.8339996,41.95800018,-20.78300095,-55.48600006,2465,-25261,372464736,1266665216,100426.3125,21.79486084
21845,1,2847,225078,-1.402351022,-1.765197158,11.92488575,-38.0340004,25.38500023,118.538002,37.44400024,-13.95499992,-56.78699875,2465,-27988,372464800,1266665216,100442.2031,21.80371094
21845,1,2857,225178,-1.421964288,-0.872791886,8.521979332,-15.83399963,9.666000366,113.1750031,37.44400024,-11.09899998,-60.18000031,2466,-29097,372464768,1266665216,100452.0469,21.80545044
21845,1,2868,225288,-1.980943441,-0.431492597,9.267284393,22.88599968,-22.4659996,77.96499634,37.43299866,-6.334000111,-58.46900177,2466,-29257,372464736,1266665088,100472.1094,21.7993927
21845,1,2878,225388,-1.716163754,0.64723891,8.992697716,29.5359993,-49.08300018,53.90399933,34.44599915,-8.237000465,-60.25500107,2466,-29030,372464704,1266665088,100482.7188,21.81016541
21845,1,2889,225498,-1.392544389,0.382459372,9.894909859,-0.986999989,-65.04299927,39.97200012,25.64900017,-9.984000206,-58.13999939,2466,-27952,372464704,1266665088,100493.8281,21.79650879
21845,1,2899,225598,-0.794338644,0.147099748,10.41466236,-37.38100052,-73.65699768,52.97000122,18.51199913,-6.809999943,-56.47299957,2466,-27886,372464704,1266664960,100498.8594,21.8056488
21845,1,2914,225748,-0.313812822,-0.254972905,11.03248119,-78.01300049,-78.67299652,69.33300018,10.37899971,-0.303000003,-54.07400131,2466,-28177,372464736,1266664960,100507.5625,21.8137207
21845,1,2924,225848,-0.06864655,-0.313812822,12.08179283,-73.74500275,-64.10500336,59.16999817,5.586999893,9.381999969,-51.63700104,2466,-28423,372464768,1266664960,100507.7656,21.81150818
21845,1,2935,225958,0.039226603,-1.686743855,10.67944145,19.07099915,-47.67900085,-31.92099953,2.079999924,11.44499969,-46.12099838,2466,-28906,372464800,1266664960,100518.7969,21.81843567
21845,1,2945,226058,0.284392834,-1.304284453,11.11093521,14.4630003,-56.54499817,-34.09400177,-2.380000114,8.586000443,-43.13100052,2466,-29630,372464832,1266664960,100526.7656,21.8144989
21845,1,2956,226168,0.774725378,-1.539644122,11.27764702,14.7869997,-66.85700226,-34.50099945,-5.693999767,4.622000217,-39.04299927,2467,-30158,372464864,1266664832,100543.8906,21.81930542
21845,1,2967,226278,0.794338644,-1.176797986,9.610517502,-0.81099999,-36.74000168,36.51599884,-13.45800018,2.397000074,-28.73600006,2467,-29771,372464864,1266664832,100554.6719,21.80775452
21845,1,2977,226378,1.569064021,-0.519752443,10.67944145,24.29199982,23.93300056,0.48300001,-11.50399971,3.98300004,-26.80699921,2467,-28775,372464864,1266664832,100560.8438,21.80911255
21845,1,2988,226488,1.480804086,-1.421964288,9.796843529,21.65500069,23.84000015,1.302000046,-11.34300041,2.713999987,-28.45100021,2467,-28191,372464864,1266664832,100572.7188,21.81776428
21845,1,2998,226588,1.402351022,-1.549450755,9.57129097,18.81999969,16.88299942,-0.996999979,-11.02200031,2.394999981,-29.57299995,2467,-27943,372464896,1266664704,100577.9844,21.82527161
21845,1,3009,226698,1.382737756,-2.059396505,9.639936447,21.94099998,12.60700035,-6.157000065,-10.34200001,-0.298000008,-32.30099869,2467,-27254,372464864,1266664704,100594.1563,21.83901978
21845,1,3019,226798,1.137571335,-1.549450755,9.610517502,51.68099976,27.59000015,11.05700016,-9.013999939,-0.298000008,-34.29600143,2467,-26694,372464864,1266664704,100601.7813,21.82603455
21845,1,3029,226898,1.372931004,-1.372931004,10.62060165,51.61299896,25.43199921,16.3579998,-9.350999832,-3.318000078,-34.92399979,2467,-26234,372464864,1266664704,100618.3125,21.81997681
21845,1,3039,226998,1.000278354,-1.245444655,11.61107349,49.36399841,47.96699905,43.45100021,-6.539999962,-3.313999891,-36.875,2467,-26045,372464896,1266664704,100626.4219,21.8243103
21845,1,3050,227108,0.941438437,-0.95124507,11.16977501,50.6780014,74.6989975,91.76200104,-3.220999956,-2.204999924,-41.11299896,2467,-25928,372464896,1266664704,100641.9844,21.81420898
21845,1,3060,227208,0.098066501,-0.50994581,11.26784134,46.72800064,55.5530014,88.43199921,1.416000009,1.922000051,-45.17900085,2468,-27237,372464992,1266664704,100648.4531,21.83074951
21845,1,3071,227318,-0.235359609,-0.304006159,9.865490913,36.37900162,29.63500023,77.16999817,2.588000059,1.444000006,-50.27700043,2468,-27123,372465024,1266664704,100662.1094,21.81546021
21845,1,3081,227418,-0.37265268,-0.06864655,9.76742363,21.27700043,5.809999943,63.17499924,5.426000118,4.620999813,-52.57899857,2468,-27152,372465024,1266664704,100675.7813,21.82460022
21845,1,3092,227528,-0.304006159,0.107873149,8.825984955,2.019000053,-13.36200047,50.54600143,6.421999931,7.953000069,-51.59199905,2468,-27159,372465088,1266664832,100681.7656,21.81410217
21845,1,3102,227628,0.1372931,0.166713059,7.335374355,-18.39999962,-25.25900078,49.26200104,5.441999912,10.81299973,-49.56700134,2468,-27143,372465120,1266664832,100693.2031,21.81756592
21845,1,3112,227728,0.784532011,0.274586201,9.433997154,-40.21099854,-24.2670002,66.42500305,3.766000032,15.57400036,-49.32699966,2468,-27050,372465152,1266664832,100700.0938,21.82267761
21845,1,3123,227838,1.598484039,-0.441299289,11.57184696,-65.69000244,10.20699978,78.55400085,5.260000229,22.875,-43.95299911,2468,-27518,372465184,1266664832,100708.9688,21.81910706
21845,1,3133,227938,0.794338644,-0.706078768,11.4051342,-73.91100311,26.42399979,93.98999786,9.538000107,31.44499969,-44.45399857,2468,-27671,372465216,1266664832,100713.6875,21.82853699
21845,1,3144,228048,0.666852236,-0.931631744,8.208166122,-43.57400131,20.44199944,58.94100189,15.34200001,38.74700165,-39.84199905,2468,-27371,372465248,1266664832,100721.2969,21.82402039
21845,1,3154,228148,-0.078453206,-1.490610719,9.296704292,11.52999973,-26.71999931,-25.72299957,19.36300087,42.40299988,-38.2879982,2468,-27163,372465280,1266664832,100735.7656,21.82084656
21845,1,3165,228258,0.519752443,-0.81395191,10.65982914,6.760000229,-37.56800079,-29.17000008,14.05700016,40.01699829,-38.78099823,2469,-26703,372465248,1266664832,100741.4844,21.82363892
21845,1,3175,228358,0.627625644,-0.460912555,10.23814297,-6.227000237,-22.0170002,-12.02400017,11.41800022,40.02000046,-37.95899963,2469,-27149,372465248,1266664960,100753.3906,21.82641602
21845,1,3186,228468,0.784532011,-1.22583127,7.766866684,-4.191999912,-9.729000092,-9.505999565,11.23499966,39.38499832,-34.99900055,2469,-27889,372465280,1266664960,100759.125,21.83074951
21845,1,3196,228568,0.617818952,-1.166991353,6.727361679,16.06900024,-10.08500004,-22.73500061,7.375,38.43199921,-35.5890007,2469,-28281,372465280,1266665088,100777.0625,21.82748413
21845,1,3207,228678,1.255251288,-1.049311519,11.3168745,11.73400021,-8.744000435,17.27199936,5.426000118,35.57699966,-37.49499893,2469,-28830,372465280,1266665088,100782.0781,21.83488464
21845,1,3217,228778,0.990471721,-1.725970387,11.22861385,14.05799961,-20.66399956,20.81599998,6.427000046,35.89199829,-38.05599976,2469,-29277,372465312,1266665216,100797.0156,21.83325195
21845,1,3227,228878,0.872791886,-1.392544389,9.306510925,49.88899994,-22.54800034,22.51399994,5.742000103,36.36999893,-37.04700089,2469,-29617,372465344,1266665216,100804.6094,21.83720398
21845,1,3237,228978,1.343510985,-0.892405152,11.07170773,53.63100052,-34.06700134,29.83799934,6.737999916,33.0359993,-39.63299942,2469,-29222,372465376,1266665344,100820.1094,21.84489441
21845,1,3248,229088,1.618097305,-0.490332514,11.66991425,40.98400116,-41.15100098,58.59000015,7.599999905,32.24100113,-40.85100174,2469,-29396,372465376,1266665344,100832.2813,21.83499146
21845,1,3258,229188,1.382737756,-0.71588546,9.286897659,33.40499878,-29.75699997,71.94100189,6.592999935,33.66999817,-37.95899963,2469,-29452,372465376,1266665344,100835.9375,21.82603455
21845,1,3269,229298,1.323897839,-0.147099748,7.864933491,40.03900146,-20.09000015,67.45999908,9.758000374,35.57400131,-41.01599884,2470,-29891,372465408,1266665472,100849.7344,21.83161926
21845,1,3280,229408,1.421964288,-1.039504886,8.531785965,38.29199982,-12.8760004,75.96199799,12.72399998,36.20899963,-43.15399933,2470,-30347,372465408,1266665472,100854.8594,21.82498169
21845,1,3290,229508,1.510224104,-1.15718472,8.600432396,32.51599884,4.124000072,110.2710037,19.01000023,35.09600067,-45.45600128,2470,-31595,372465472,1266665472,100868.0781,21.81257629
21845,1,3301,229618,1.559257269,-0.81395191,10.39504814,33.00600052,6.953999996,122.6259995,22.13699913,39.07099915,-46.27799988,2470,-32698,372465536,1266665600,100872.3125,21.81391907
21845,1,3311,229718,1.716163754,-1.421964288,11.00306129,47.53300095,27.97500038,104.7279968,32.64199829,36.36800003,-47.26499939,2470,-33642,372465600,1266665600,100884.2188,21.81170654
21845,1,3321,229818,0.676658869,-1.166991353,9.865490913,40.50400162,18.67300034,105.1809998,38.7879982,33.83200073,-50.5530014,2470,-34080,372465664,1266665600,100900.1563,21.81843567
21845,1,3332,229928,0.37265268,-1.059118271,8.227779388,33.99900055,-5.68599987,94.61399841,46.76100159,30.33699989,-53.02700043,2470,-34697,372465728,1266665728,100906.3281,21.81391907
21845,1,3342,230028,0.755112052,-1.196411371,8.335653305,32.125,-22.33600044,86.6210022,50.40100098,24.93799973,-54.68700027,2470,-35023,372465760,1266665728,100921.0625,21.82286072
21845,1,3352,230128,0.117679805,-1.520030737,11.44436169,35.18999863,12.50399971,140.9730072,50.73899841,18.11400032,-55.97999954,2470,-35138,372465824,1266665728,100927.4531,21.81141663
21845,1,3363,230238,0.892405152,-1.059118271,12.03275967,35.31900024,36.51100159,189.9859924,57.19599915,12.39799976,-56.16699982,2470,-35692,372465888,1266665728,100940.7656,21.82940674
21845,1,3373,230338,0.117679805,-0.882598579,11.463974,35.04399872,24.8390007,188.852005,62.3409996,1.444000006,-55.70299911,2471,-35746,372465920,1266665728,100951.8594,21.82489014
21845,1,3384,230448,-0.549172401,-0.402072668,10.46369648,31.31299973,1.472000003,172.302002,60.85800171,-11.09500027,-53.32600021,2471,-36085,372465984,1266665728,100969.8281,21.82940674
21845,1,3394,230548,-0.529559135,0.225552961,9.100570679,9.081999779,-21.68400002,155.878006,57.00799942,-19.98399925,-51.9659996,2471,-36737,372466048,1266665728,100976.0938,21.84230042
21845,1,3405,230658,-0.196133003,0.215746298,8.865211487,-20.57799911,-28.2689991,151.0119934,47.41400146,-24.74600029,-50.39599991,2471,-36887,372466112,1266665728,100989.1875,21.84384155
21845,1,3415,230758,0.088259846,-0.421685964,9.679163933,-35.13800049,-22.6420002,147.375,40.2820015,-24.2689991,-53.93899918,2471,-37319,372466144,1266665728,100996.3281,21.84373474
21845,1,3426,230868,0.343232751,-0.57859236,11.36590767,-30.18099976,-11.02299976,130.529007,32.14400101,-20.62199974,-55.7480011,2471,-37295,372466176,1266665728,101008.8906,21.83403015
21845,1,3437,230978,0.029419951,-0.804145336,9.943943977,41.36600113,-21.52199936,30.26600075,22.85400009,-16.33499908,-54.59700012,2471,-37357,372466208,1266665728,101021.3438,21.85124207
21845,1,3447,231078,0.196133003,-0.107873149,9.139798164,40.33200073,-28.51600075,14.85999966,20.02700043,-19.03199959,-53.43799973,2471,-38572,372466272,1266665728,101026.4844,21.84181213
21845,1,3457,231178,0.764918745,0.333426118,9.218251228,26.93300056,-27.31299973,25.86100006,17.68199921,-23.31999969,-51.20299911,2471,-38575,372466304,1266665728,101033.7031,21.84643555
21845,1,3467,231278,0.254972905,-0.804145336,11.04228878,30.75699997,39.6230011,-17.25,14.55000019,-23.31699944,-48.74399948,2471,-38857,372466336,1266665600,101040.9688,21.84451294
21845,1,3478,231388,0.755112052,0.441299289,11.57184696,26.37400055,95.84899902,-22.19099998,19.34199905,-26.17399979,-48.41600037,2472,-39743,372466368,1266665600,101055.3281,21.84980774
21845,1,3488,231488,-0.088259846,0.980665028,10.71866894,-3.546999931,92.20800018,7.298999786,26.65600014,-29.82600021,-48.55799866,2472,-40217,372466400,1266665600,101062.2813,21.84489441
21845,1,3499,231598,-1.098344803,0.294199497,7.815900326,-36.04800034,61.4640007,33.68700027,34.14099884,-28.07999992,-50.7179985,2472,-40549,372466432,1266665600,101077.0469,21.85586548
21845,1,3509,231698,-1.333704472,0.215746298,8.512171745,-49.10200119,33.10499954,27.59700012,36.43799973,-25.54000092,-50.88199997,2472,-40922,372466496,1266665600,101093.9531,21.85606384
21845,1,3520,231808,-1.402351022,0.107873149,8.423913002,-39.14300156,13.44499969,15.59300041,38.77199936,-22.04999924,-56.33100128,2472,-41421,372466560,1266665472,101100.7969,21.8553772
21845,1,3530,231908,-1.451384187,-0.098066501,8.669078827,7.772999763,-19.72400093,12.14700031,38.61700058,-20.1420002,-56.14400101,2472,-40983,372466624,1266665472,101115.0938,21.86769104
21845,1,3541,232018,-1.255251288,0.176519692,10.63040829,17.39599991,-39.15299988,-4.489999771,35.00299835,-19.35099983,-57.22800064,2472,-41003,372466688,1266665472,101121.1094,21.86730957
21845,1,3551,232118,-0.529559135,0.912018478,10.23814297,5.868999958,-43.10100174,14.65999985,32.99499893,-23.31900024,-54.68700027,2472,-40610,372466752,1266665344,101132.7031,21.86480713
21845,1,3561,232218,-0.64723891,1.137571335,11.57184696,-77.11699677,-25.12800026,88.67700195,28.00499916,-22.20700073,-56.29399872,2472,-40264,372466848,1266665344,101136.1875,21.86972046
21845,1,3572,232328,-0.666852236,0.333426118,9.198637962,-105.8550034,-12.12199974,102.637001,27.99900055,-22.20800018,-56.29399872,2472,-40653,372466912,1266665216,101152.0625,21.87356567
21845,1,3582,232428,-0.657045603,-0.333426118,10.7677021,-122.4120026,2.246999979,100.7839966,21.33300018,-2.52699995,-58.75299835,2473,-40881,372467008,1266665216,101155.7344,21.88020325
21845,1,3593,232538,-0.274586201,0.539365768,11.76798058,-72.06300354,-23.35099983,40.75699997,21.31699944,-2.523999929,-58.77500153,2473,-42398,372467136,1266665088,101166.5156,21.88375854
21845,1,3603,232638,-0.71588546,-0.980665028,9.826263428,13.19299984,-82.27100372,-41.44499969,21.52599907,18.90800095,-55.18000031,2473,-44743,372467232,1266665088,101174.1563,21.88520813
21845,1,3614,232748,-0.294199497,-0.941438437,10.11065674,1.94599998,-71.68099976,-31.84199905,21.49900055,18.9090004,-55.18000031,2473,-46788,372467360,1266665088,101177.25,21.87385559
21845,1,3624,232848,0.098066501,-0.549172401,9.943943977,-18.86000061,7.801000118,17.50200081,8.857999802,17.47900009,-50.60599899,2473,-48170,372467456,1266664960,101184.4531,21.87385559
21845,1,3635,232958,0.088259846,-0.990471721,10.20872307,-28.40299988,12.43099976,26.23900032,8.932999611,17.47699928,-50.65000153,2473,-49311,372467584,1266664960,101188.7344,21.87876892
21845,1,3645,233058,-0.50994581,-1.480804086,9.590903282,-35.39300156,6.403999805,28.19199944,9.758000374,20.97100067,-49.5890007,2473,-50466,372467680,1266664832,101192.1563,21.89068604
21845,1,3656,233168,-0.196133003,-2.186882973,11.11093521,99.70300293,-20.7329998,-57.57699966,9.548999786,24.46199989,-48.84199905,2473,-51398,372467776,1266664832,101198.8906,21.89126587
21845,1,3666,233268,-0.392266005,-1.01989162,11.04228878,93.56600189,-11.31499958,-63.24700165,9.56000042,24.46100044,-48.9090004,2473,-52624,372467872,1266664704,101217.625,21.86759949
21845,1,3677,233378,-0.294199497,-1.990749955,10.31659603,64.15799713,-14.26599979,-61.83100128,4.756999969,3.986000061,-49.83599854,2474,-56196,372467968,1266664704,101237.6563,21.86817932
21845,1,3687,233478,-0.382459372,0.009806651,11.08151436,-0.216999993,-46.65200043,-63.17100143,4.800000191,3.983999968,-50.06000137,2474,-58099,372468096,1266664576,101244.0781,21.88241577
21845,1,3697,233578,0.696272194,-0.696272194,10.31659603,-11.98700047,-57.63000107,-55.76900101,3.118999958,-7.599999905,-45.52999878,2474,-59392,372468192,1266664576,101257.6719,21.86856079
21845,1,3707,233678,0.107873149,-0.853178561,10.96383476,-1.248000026,-7.743000031,-21.94300079,3.101999998,-7.604000092,-45.61999893,2474,-60636,372468256,1266664448,101266.4531,21.87664795
21845,1,3718,233788,1.039504886,-1.392544389,11.06190205,12.62300014,49.02299881,6.002999783,-1.876999974,-12.52499962,-41.15800095,2474,-61855,372468352,1266664448,101280.8906,21.87039185
21845,1,3728,233888,0.725692093,-1.235637903,9.561484337,13.69200039,47.42599869,6.122000217,-1.881999969,-12.52700043,-41.2480011,2474,-63204,372468416,1266664448,101284.7188,21.88444519
21845,1,3738,233988,-0.147099748,-0.862985194,9.384963989,11.80799961,35.91799927,-3.999000072,5.243999958,-15.22200012,-46.60699844,2474,-64045,372468480,1266664448,101297.5156,21.88232422
21845,1,3749,234098,-0.539365768,-0.657045603,9.639936447,-0.972000003,6.991000175,-29.02099991,5.217000008,-15.22099972,-46.67399979,2474,-63161,372468576,1266664320,101303.3281,21.88549805
21845,1,3759,234198,-0.147099748,-0.745305359,10.1596899,-9.982999802,-18.10199928,-48.42900085,10.37899971,-16.01600075,-48.64699936,2474,-62131,372468608,1266664320,101316.75,21.88453674
21845,1,3770,234308,0.107873149,-0.735498786,10.8265419,-13.67599964,-40.00299835,-60.84000015,10.38899994,-16.0170002,-48.58000183,2475,-60873,372468672,1266664192,101323.3594,21.89694214
21845,1,3780,234408,0.558979034,-0.853178561,10.64021587,-11.23499966,-60.79499817,-68.96600342,10.23999977,-19.03300095,-45.93399811,2475,-58851,372468768,1266664064,101336.0469,21.88896179
21845,1,3790,234508,0.50994581,-0.706078768,8.757338524,7.665999889,-37.92499924,-41.06700134,10.22399998,-19.03199959,-46.00099945,2475,-57442,372468704,1266664064,101346.9531,21.88934326
21845,1,3800,234608,1.304284453,-0.794338644,8.561205864,15.99199963,11.61499977,13.24800014,7.72300005,-24.58699989,-42.8769989,2475,-56433,372468704,1266664192,101353.0625,21.87452698
21845,1,3811,234718,1.08853817,-0.304006159,9.492836952,9.493000031,0.559000015,19.64299965,7.72300005,-24.58799934,-42.98899841,2475,-55175,372468704,1266664192,101363.7031,21.84692383
21845,1,3821,234818,1.323897839,-0.117679805,10.60098839,-11.2489996,-9.866000175,40.57699966,5.576000214,-25.54100037,-40.7840004,2475,-54075,372468736,1266664192,101370.7031,21.84663391
21845,1,3832,234928,1.382737756,-0.794338644,9.012311935,-28.4260006,-11.33899975,59.61700058,5.592000008,-25.53899956,-40.7840004,2475,-52878,372468736,1266664192,101380.5938,21.81977844
21845,1,3842,235028,1.265057802,-0.696272194,7.737446785,-4.625,-4.827000141,47.78099823,2.107000113,-18.07699966,-41.93500137,2475,-51477,372468768,1266664192,101386.7188,21.81738281
21845,1,3853,235138,1.127764821,-1.412157536,9.267284393,60.90200043,24.18000031,49.9280014,1.105000019,-12.68400002,-42.47299957,2475,-50607,372468800,1266664192,101400.6719,21.80632019
21845,1,3863,235238,1.274864435,-1.206218004,11.30706787,64.89199829,10.98799992,55.05799866,-0.54400003,-13.47700024,-41.23300171,2476,-49994,372468832,1266664192,101407.7656,21.82315063
21845,1,3873,235338,1.216024637,-0.941438437,10.04201031,63.84000015,-6.56400013,57.0340004,-0.86500001,-14.27200031,-41.3219986,2476,-49530,372468896,1266664192,101424.2188,21.80245972
21845,1,3883,235438,1.627903819,-0.696272194,9.394770622,63.1230011,-14.72000027,64.74500275,-1.738000035,-13.95499992,-40.75400162,2476,-49105,372468928,1266664192,101428.9688,21.81459045
21845,1,3894,235548,1.470997572,-0.421685964,9.747810364,53.40200043,-1.039000034,104.5739975,-4.034999847,-13.95300007,-37.06900024,2476,-48771,372468992,1266664192,101442.5,21.78717041
21845,1,3904,235648,1.706357121,-0.392266005,11.35610104,46.31299973,0.791999996,137.026001,-7.702000141,-10.30300045,-36.47900009,2476,-48554,372469024,1266664192,101455.7031,21.78390503
21845,1,3915,235758,1.412157536,-0.147099748,10.8853817,38.70999908,22.52099991,169.2259979,-8.366000175,-1.093000054,-34.9090004,2476,-48357,372469056,1266664192,101462.375,21.77629089
21845,1,3926,235868,0.539365768,-0.304006159,8.423913002,25.0909996,-9.932999611,185.0070038,-2.75,21.28700066,-39.09500122,2476,-48288,372469120,1266664192,101473.3438,21.76715088
21845,1,3936,235968,1.137571335,-0.460912555,9.522257805,7.770999908,-21.79500008,193.003006,4.735000134,32.24499893,-39.87200165,2476,-47808,372469120,1266664192,101479.625,21.77619934
21845,1,3947,236078,0.853178561,-0.549172401,10.25775623,3.565999985,-2.753999949,194.4340057,13.39299965,40.02199936,-40.79199982,2476,-47333,372469152,1266664192,101490.25,21.77436829
21845,1,3957,236178,1.068924785,-0.970858335,10.98344803,3.414000034,14.80500031,199.4140015,26.66600037,44.93999863,-39.63299942,2476,-47530,372469184,1266664192,101493.9375,21.78717041
21845,1,3967,236278,0.049033251,-1.775003672,8.77695179,10.69400024,11.21199989,190.0670013,41.59400177,45.73500061,-40.29100037,2477,-46549,372469280,1266664192,101500.7344,21.79823303
21845,1,3978,236388,-0.235359609,-1.412157536,9.365350723,38.88299942,-18.23500061,140.6649933,56.875,40.02099991,-40.03699875,2477,-45194,372469344,1266664192,101521.1875,21.80661011
21845,1,3988,236488,0.166713059,-1.010084987,10.2773695,31.4279995,-26.19499969,131.7290039,64.51999664,30.65200043,-42.00299835,2477,-44505,372469312,1266664192,101532.4531,21.81535339
21845,1,3998,236588,0.107873149,-0.71588546,11.05209446,35.98500061,-8.593000412,132.7299957,70.01399994,22.55699921,-42.8769989,2477,-44150,372469312,1266664192,101551.0781,21.81217957
21845,1,4009,236698,-0.029419951,-0.431492597,10.64021587,35.7120018,-7.697999954,129.904007,70.13700104,10.96899986,-44.47700119,2477,-43831,372469344,1266664192,101558.2031,21.83499146
21845,1,4019,236798,-0.529559135,0.215746298,10.03220272,20.38899994,-18.65600014,129.2640076,73.45600128,0.651000023,-46.11299896,2477,-43542,372469344,1266664192,101573.1563,21.8296051
21845,1,4030,236908,-0.666852236,0.71588546,9.404577255,-7.129000187,-31.89100075,125.8219986,70.48500061,-9.350000381,-47.16699982,2477,-42862,372469280,1266664192,101578.6875,21.83555603
21845,1,4040,237008,-0.107873149,0.843371928,9.55167675,-39.45500183,-35.47399902,129.5850067,65.67700195,-15.69799995,-48.51300049,2477,-42753,372469248,1266664192,101591.2031,21.84384155
21845,1,4051,237118,0.568785667,0.196133003,9.76742363,-63.55199814,-20.77099991,142.927002,58.35200119,-19.03100014,-50.45600128,2477,-42844,372469248,1266664192,101605.375,21.85066223
21845,1,4061,237218,0.460912555,0.019613301,11.32668018,-56.93600082,3.75999999,132.2890015,50.20299911,-19.66699982,-52.45899963,2477,-43076,372469248,1266664192,101610.8125,21.84672546
21845,1,4072,237328,0.156906411,-0.304006159,9.983169556,55.9070015,2.657999992,20.2859993,44.74700165,-18.08099937,-57.06299973,2478,-43452,372469248,1266664192,101624.8906,21.85470581
21845,1,4082,237428,0.333426118,-0.215746298,11.00306129,71.43699646,-2.003999949,-9.694000244,43.91699982,-19.66699982,-56.68999863,2478,-43912,372469280,1266664192,101631.125,21.85461426
21845,1,4092,237528,0.254972905,0.627625644,10.8559618,55.0909996,-6.349999905,-3.980000019,45.25600052,-24.11199951,-53.72999954,2478,-44828,372469312,1266664064,101636.2969,21.85076904
21845,1,4103,237638,-0.078453206,0.058839902,8.786758423,-3.236000061,-1.422000051,22.93400002,44.05699921,-29.66500092,-48.67699814,2478,-42880,372469280,1266664064,101643.625,21.85827637
21845,1,4113,237738,0.088259846,0.519752443,8.767145157,-57.74100113,14.52799988,38.50799942,42.75600052,-32.68099976,-45.78499985,2478,-41754,372469216,1266663936,101661.7344,21.85153198
21845,1,4124,237848,0.205939651,-0.284392834,9.375157356,-63.04199982,17.51099968,40.92499924,42.77199936,-32.68399811,-45.78499985,2478,-41195,372469216,1266663936,101670.375,21.86741638
21845,1,4134,237948,0.196133003,0.009806651,9.914524078,-14.20100021,26.07699966,4.281000137,41.11700058,-24.74300003,-53.0719986,2478,-39932,372469184,1266663936,101681.5156,21.87155151
21845,1,4145,238058,-0.205939651,-0.588398993,9.051537514,26.09199905,26.45899963,-39.36899948,45.27700043,-22.52400017,-52.62400055,2478,-39647,372469184,1266663808,101694.0938,21.87260437
21845,1,4155,238158,-0.882598579,-0.333426118,8.953471184,22.27300072,18.17900085,-54.89799881,45.22399902,-22.52700043,-52.57899857,2478,-39540,372469152,1266663808,101699.8594,21.88040161
21845,1,4170,238308,-0.519752443,-0.725692093,13.28801155,10.96700001,-11.26799965,-92.84999847,50.39099884,-22.52499962,-51.60699844,2479,-39172,372469152,1266663808,101711.6563,21.87702942
21845,1,4181,238418,-0.421685964,-0.853178561,11.463974,7.798999786,-13.91499996,-97.06700134,58.19200134,-19.19199944,-50.5530014,2479,-38774,372469152,1266663680,101719.3281,21.8765564
21845,1,4191,238518,-0.617818952,-0.823758602,8.16893959,7.087999821,-19.17099953,-104.5100021,58.19200134,-19.19199944,-50.5530014,2479,-38256,372469120,1266663680,101728.8906,21.88520813
21845,1,4202,238628,-0.235359609,-0.961051702,7.296147823,9.802000046,-27.24399948,-112.788002,61.17399979,-12.36499977,-52.99700165,2479,-37867,372469120,1266663680,101732.9375,21.89164734
21845,1,4212,238728,0.37265268,-0.843371928,8.541592598,11.22999954,-26.07299995,-111.9560013,61.18999863,-12.36499977,-52.95299911,2479,-37480,372469120,1266663552,101746.1875,21.89414978
21845,1,4223,238838,1.049311519,-0.441299289,11.87585258,-2.769000053,-17.75,-83.06800079,60.32799911,-3.634000063,-54.48500061,2479,-36769,372469120,1266663552,101751.9688,21.89886475
21845,1,4233,238938,1.166991353,-0.480525851,11.80720711,-27.95499992,-6.375999928,-36.5909996,60.32300186,-3.631000042,-54.59700012,2479,-35996,372469120,1266663552,101761.5938,21.90560913
21845,1,4244,239048,0.71588546,-0.294199497,9.904716492,-7.035999775,19.08099937,-48.5320015,60.1570015,3.194999933,-54.22299957,2479,-34802,372469088,1266663424,101769.5156,21.89906311
21845,1,4254,239148,0.529559135,-1.627903819,9.335930824,23.63699913,31.93199921,-74.76499939,60.19400024,3.191999912,-54.26800156,2479,-34183,372469056,1266663424,101784.3438,21.90174866
21845,1,4265,239258,-0.127486452,-1.01989162,9.45361042,18.70100021,21.08099937,-86.0510025,63.49200058,6.684000015,-51.64500046,2479,-34107,372469056,1266663296,101791.8594,21.901474
21845,1,4275,239358,-0.470719218,-0.823758602,10.56176281,7.388000011,-4.729000092,-107.9499969,63.49200058,6.684999943,-51.68899918,2480,-34117,372469024,1266663168,101805.2813,21.90925598
21845,1,4286,239468,0.402072668,-0.451105922,11.09132195,26.6760006,-48.65299988,-144.2559967,59.86800003,14.46399975,-54.26800156,2480,-34337,372468992,1266663040,101821.4531,21.91088867
21845,1,4296,239568,0.71588546,-0.323619455,8.590625763,73.0759964,21.82999992,-77.82099915,45.58800125,19.22200012,-57.3030014,2480,-34963,372468928,1266662912,101826.125,21.90002441
21845,1,4307,239678,1.333704472,0.657045603,9.924329758,64.04599762,49.74000168,-34.64799881,45.56600189,19.22400093,-57.45999908,2480,-35278,372468896,1266662912,101835.4531,21.8865509
21845,1,4317,239778,0.81395191,1.068924785,10.72847557,27.82500076,38.93299866,3.121000051,53.04600143,7.953999996,-58.9469986,2480,-35608,372468896,1266662912,101840.8125,21.89434814
21845,1,4327,239878,0.588398993,1.245444655,10.17930317,-27.31200027,10.57299995,45.11000061,53.04600143,7.956999779,-59.10400009,2480,-36288,372468864,1266662784,101854.7813,21.9016571
21845,1,4337,239978,0.843371928,0.755112052,9.384963989,-51.63399887,0.61500001,66.48799896,55.19900131,7.796999931,-56.54000092,2480,-36863,372468864,1266662784,101861.8438,21.88963318
21845,1,4348,240088,1.08853817,-0.009806651,8.26700592,-61.09700012,3.927999973,78.84799957,56.5320015,10.96899986,-55.30699921,2480,-37905,372468864,1266662784,101877.2813,21.90348816
21845,1,4358,240188,1.216024637,0.735498786,8.355265617,5.671999931,-3.051000118,-10.03499985,57.50600052,11.92399979,-55.81499863,2481,-38574,372468832,1266662784,101885.0156,21.9059906
21845,1,4369,240298,1.206218004,-0.107873149,10.14988232,64.90100098,2.852999926,-67.15200043,57.99900055,10.33600044,-54.83599854,2481,-39296,372468832,1266662784,101892.2031,21.91513062
21845,1,4380,240408,1.402351022,0.71588546,11.41494083,49.51599884,8.37899971,-48.38700104,55.70199966,8.751000404,-57.29499817,2481,-40373,372468800,1266662784,101900.875,21.90704346
21845,1,4390,240508,0.872791886,0.343232751,9.698777199,1.68900001,28.53300095,9.522000313,56.84199905,5.893000126,-56.38299942,2481,-40980,372468800,1266662656,101904.2656,21.90657043
21845,1,4400,240608,1.22583127,0.774725378,9.208444595,-46.96900177,62.08499908,82.99299622,62.33000183,7.001999855,-55.29899979,2481,-41854,372468768,1266662656,101923.4688,21.92272949
21845,1,4410,240708,0.64723891,0.343232751,8.541592598,-39.47100067,65.0759964,95.18699646,67.33100128,3.66899991,-51.59199905,2481,-42662,372468768,1266662656,101931.3438,21.92214966
21845,1,4421,240818,0.107873149,-0.1372931,8.806371689,-23.25900078,56.35800171,87.02700043,72.30000305,2.24000001,-46.6590004,2481,-43289,372468736,1266662656,101944.7031,21.92051697
21845,1,4431,240918,0.049033251,-0.18632634,10.35582256,-0.824999988,22.31999969,49.45000076,75.47000122,-1.253000021,-43.98300171,2481,-44029,372468736,1266662656,101948.0781,21.92060852
21845,1,4442,241028,-0.039226603,0.078453206,11.33648777,7.130000114,-7.550000191,18.83600044,75.15399933,-4.425000191,-41.98799896,2481,-45114,372468736,1266662528,101961.8281,21.92831421
21845,1,4452,241128,0.676658869,0.362846047,10.8559618,2.246999979,-24.7140007,11.45699978,74.10399628,-6.650000095,-43.9090004,2481,-45834,372468704,1266662528,101967.2344,21.93177795
21845,1,4463,241238,0.823758602,0.451105922,9.57129097,-6.649000168,-21.3390007,26.27099991,72.43900299,-8.23900032,-44.125,2482,-46778,372468672,1266662528,101979.7188,21.92070007
21845,1,4473,241338,0.882598579,0.166713059,9.796843529,-26.67000008,49.19300079,98.35800171,69.9489975,-7.922999859,-45.5530014,2482,-48231,372468640,1266662528,101997,21.94033813
21845,1,4484,241448,0.617818952,0.304006159,11.22861385,-22.92200089,57.7859993,122.5810013,72.43900299,-14.90100002,-42.89199829,2482,-49204,372468608,1266662528,102003.0781,21.93388367
21845,1,4494,241548,0.470719218,0.71588546,13.18994522,-18.2689991,36.25999832,108.6549988,73.28500366,-20.45800018,-40.00699997,2482,-50065,372468608,1266662528,102017.3281,21.94476318
21845,1,4504,241648,-0.480525851,0.18632634,10.8853817,-41.57400131,-57.08499908,48.20299911,68.64299774,-24.90600014,-38.86299896,2482,-50850,372468576,1266662528,102026.1719,21.94880676
21845,1,4514,241748,0.921825111,0.019613301,9.934136391,-55.35200119,-69.99700165,41.59899902,63.47600174,-23.79599953,-44.9620018,2482,-51803,372468544,1266662528,102042.9219,21.94476318
21845,1,4525,241858,1.245444655,-0.549172401,9.345737457,-12.97599983,58.68799973,9.852000237,56.54299927,-19.66699982,-51.09899902,2482,-52411,372468512,1266662528,102050.3906,21.93792725
21845,1,4536,241968,-0.019613301,-0.490332514,11.73856068,-15.72999954,45.11899948,9.015999794,59.18199921,-19.34700012,-50.27700043,2483,-53314,372468480,1266662528,102065.1094,21.94418335
21845,1,4546,242068,-0.1372931,-0.568785667,11.32668018,-24.26600075,0.855000019,-25.18000031,63.79199982,-18.39699936,-48.13899994,2483,-54055,372468448,1266662528,102071.7969,21.93513489
21845,1,4557,242178,-0.215746298,-0.588398993,10.3656292,-34.92399979,-64.16999817,-82.66200256,62.50699997,-14.42599964,-50.48600006,2483,-54356,372468416,1266662528,102078.9219,21.92330933
21845,1,4567,242278,0.81395191,-0.853178561,9.728197098,-22.21500015,-79.84999847,-90.2440033,60.2159996,-8.553999901,-54.97800064,2483,-54759,372468416,1266662528,102091.9063,21.91213989
21845,1,4578,242388,0.284392834,-0.608012319,9.777230263,21.76799965,-32.44800186,-36.28499985,53.22299957,-4.428999901,-56.89899826,2483,-55068,372468384,1266662528,102095.75,21.91743469
21845,1,4588,242488,1.529837489,-0.696272194,10.72847557,49.24499893,8.767000198,8.227999687,54.40599823,-4.111999989,-56.89899826,2483,-55472,372468384,1266662528,102107.7813,21.89579773
21845,1,4599,242598,1.549450755,-0.304006159,9.639936447,50.82300186,8.68999958,23.00399971,53.24399948,-7.921999931,-56.07699966,2483,-55913,372468352,1266662528,102111.75,21.89935303
21845,1,4609,242698,1.451384187,0.107873149,8.933858871,43.68099976,9.008000374,47.54100037,53.68899918,-15.06499958,-54.81399918,2483,-56486,372468352,1266662528,102124.6406,21.87962341
21845,1,4619,242798,1.451384187,0.215746298,8.512171745,30.95999908,5.008999825,74.9960022,52.36100006,-20.93600082,-54.10400009,2483,-57243,372468320,1266662528,102129.2813,21.88270569
21845,1,4629,242898,1.843650222,-0.50994581,10.93441486,27.96800041,3.990999937,89.66100311,50.88299942,-23.31900024,-50.69499969,2484,-57839,372468320,1266662528,102143.4688,21.86297607
21845,1,4640,243008,1.902490139,-0.490332514,11.61107349,75.36100006,11.98999977,38.18399811,47.70800018,-27.2840004,-50.69499969,2484,-58819,372468288,1266662528,102153.0156,21.86192322
21845,1,4650,243108,1.549450755,0,9.826263428,64.85700226,16.34000015,61.45899963,45.07400131,-34.58800125,-47.20500183,2484,-59829,372468224,1266662528,102157.2344,21.86442566
21845,1,4661,243218,1.598484039,0.196133003,9.639936447,51.5019989,58.99200058,93.91600037,41.58300018,-37.76399994,-41.44200134,2484,-60343,372468224,1266662528,102170.5781,21.87088013
21845,1,4675,243358,1.265057802,0.313812822,9.110378265,60.77299881,39.08599854,107.3170013,33.95899963,-46.01900101,-31.90500069,2484,-61687,372468192,1266662656,102181.4063,21.88069153
21845,1,4686,243468,1.196411371,0.421685964,8.992697716,55.18700027,23.15600014,111.7580032,26.13100052,-47.2879982,-26.76199913,2484,-62262,372468160,1266662656,102186.2813,21.87443542
21845,1,4696,243568,1.402351022,0.637432218,10.23814297,33.66199875,4.024000168,115.7259979,17.66600037,-45.86100006,-23.57099915,2484,-62670,372468160,1266662656,102198.6719,21.89982605
21845,1,4708,243688,2.098623037,0.568785667,10.2773695,9.470000267,-2.440000057,130.3320007,9.699000359,-42.36500168,-22.81599998,2485,-63125,372468160,1266662656,102214.5,21.91627502
21845,1,4719,243798,1.775003672,0.627625644,10.39504814,37.90299988,40.01900101,98.20999908,-0.222000003,-33.95299911,-21.59700012,2485,-63658,372468160,1266662656,102217.5625,21.91271973
21845,1,4729,243898,1.941716671,-0.529559135,8.58081913,56.375,41.625,79.94100189,-3.530999899,-28.23900032,-23.3390007,2485,-64147,372468160,1266662656,102224.8281,21.91157532
21845,1,4739,243998,2.196689606,-0.313812822,8.825984955,29.48500061,29.6590004,70.55400085,-8.024000168,-25.38299942,-22.86100006,2485,-64781,372468160,1266662656,102232.9375,21.91041565
21845,1,4749,244098,2.216302872,0,9.806650162,13.2329998,34.32699966,75.86199951,-8.708999634,-18.87599945,-24.83399963,2485,-65440,372468192,1266662656,102249.5781,21.90791321
21845,1,4760,244208,2.461469173,0.402072668,13.1997509,5.369999886,33.22299957,92.52300262,-10.71700001,-12.84399986,-25.87299919,2485,-66209,372468192,1266662784,102270.1563,21.91416931
21845,1,4770,244308,2.088816404,0.71588546,14.79823494,-59.64500046,61.52500153,148.1170044,-10.88300037,-6.809000015,-29.36300087,2485,-66897,372468192,1266662784,102278.75,21.9016571
21845,1,4781,244418,1.000278354,-0.774725378,9.855683327,-35.26800156,71.47599792,131.1239929,-8.355999947,10.17700005,-34.66999817,2485,-67635,372468192,1266662784,102286.5469,21.8971405
